home team,away team,time,home team logo,away team logo,home team score,away team score
Nigeria,Equatorial Guinea, ,p8yjKG76-CEPH9Bbd.png,v5mNuVkC-MkIn82HE.png,1,1
Egypt,Mozambique, ,SKagcEU0-j9fRtEHh.png,23xLiK5k-bZwMpPQJ.png,2,2
Ghana,Cape Verde, ,OzvG52Rq-8vfTQDSH.png,vRSce5lC-GvK8wiCN.png,1,2
Everton,Aston Villa, ,EBfZuwme-bRmKmISE.png,UHchCEVH-f3IHLYBR.png,0,0
Manchester Utd,Tottenham, ,GhGV3qjT-h2pPXz3k.png,v3SzDxVH-SOY3p1Si.png,2,2
Lille,Lorient, ,Q34pXImC-UDticXKP.png,0r9EzUS0-GU4hlIMk.png,3,0
Brest,Montpellier, ,lWu2w4ne-Q15G9lAm.png,ANGNZlQq-n3xBmVJB.png,2,0
Metz,Toulouse, ,SCdF7fjT-pztT5vMl.png,AskYUH8k-COxgbCEm.png,0,1
Nantes,Clermont, ,vTVURLne-AmtNBe9p.png,WSP3LX96-pztT5vMl.png,1,2
Le Havre,Lyon, ,SdQTDNR0-W0g3UmAF.png,bkuX6RS0-GU4hlIMk.png,3,1
Lens,PSG, ,tAec9KQq-rTEFAmVL.png,fJgGn26k-06Ua3sOf.png,0,2
Bochum,Werder Bremen, ,IRiimykC-86lnAaq9.png,pIavfLS0-EVomMG4o.png,1,1
B. Monchengladbach,Stuttgart, ,tjlAHwhT-ncmj9JbF.png,fgQWGn86-86lnAaq9.png,3,1
Lazio,Lecce, ,4CLpo27k-fL3dmxxd.png,fPabg0DN-McvX4bye.png,1,0
Cagliari,Bologna, ,tSQII3hT-McvX4bye.png,6ovaa9T0-McvX4bye.png,2,1
Fiorentina,Udinese, ,fZhEFLjT-6XKdgOM6.png,277EtfPq-SYw7EcY6.png,2,2
AC Milan,AS Roma, ,WOOHTbSq-fL3dmxxd.png,j31Z1pne-GtNb9h2q.png,3,1
FC Volendam,Almere City, ,8tDUPO86-WYtEUtB2.png,xGubPZ7k-tWILcQKb.png,0,1
G.A. Eagles,Ajax, ,4IPDw4ne-x4Xh4Pu0.png,ltb3XckC-tSCQr0DR.png,2,3
Vitesse,Utrecht, ,0SkRbu96-hxcLpNd6.png,hWQdBH7k-4vob7cTR.png,0,0
Feyenoord,Nijmegen, ,Ag6J0jT0-nB6CAUfs.png,C8FCtESq-4vob7cTR.png,2,2
Almeria,Girona, ,Eeg4cBjC-nDyT2xMM.png,6mZj79BN-djmU7Ny0.png,0,0
Cadiz CF,Valencia, ,rPA6TR86-EPWyZtpb.png,8Cqphq8k-MHrRLNUo.png,1,4
Laci,Erzeni, ,2ogjpF86-YRn3qYc4.png,xKwIrSS0-vqMNBv4d.png,0,0
Vllaznia,Kukesi, ,Q78gNKWH-G4kYWTwf.png,vJ05JXkC-xYAyYwqs.png,1,0
CR Belouizdad,MC Alger, ,0Occ50UH-vqICnGZu.png,zFDoTHWH-Kt2RJAvf.png,0,0
Swetes,Old Road, ,xbtOuM6k-ziRKnlD8.png,IPg8ycU0-2yEAQVQ9.png,1,2
Willikies,Pigotts Bullets, ,tGvDfigT-4ruBg6AA.png,GMbRNJAN-hWRDQlwN.png,2,2
Garden Stars,SAP, ,fsLVZCjC-hQtlrsIn.png,bafluKme-hYzo4N02.png,2,2
Japan,Vietnam, ,Y7SDT7T0-8toS1iya.png,OQqA57Sq-QHeKqeWC.png,4,2
United Arab Emirates,Hong Kong, ,fVKVX0Sq-CrPl0Jrc.png,OSAjjpVH-48fOrFoJ.png,3,1
Iran,Palestine, ,0OVmBa6k-h2ICxBRT.png,tOZ9KJoe-zmDbXBOa.png,4,1
Brisbane Roar,Newcastle Jets, ,W08GpqiT-OlyE5V4J.png,G2fVyzjC-AowXufJO.png,3,2
Perth Glory,Wellington Phoenix, ,0jIjO4ne-8p3P7cak.png,2ciQ1Pne-rL2rkgzd.png,3,4
Western United W,Sydney W, ,rF7cRGlC-rVwoyUR4.png,QFUq55me-YsqukyWF.png,0,1
WS Wanderers W,Melbourne City W, ,WI5NtpXH-0KRH1UJH.png,Gj3XDB6k-ddlFUp3p.png,1,0
Al Reef,Al-Hala, ,8Ejuh6UH-bqygZ7dH.png,CGgc1xXH-lCxMaEY9.png,0,1
Al-Ittifaq,Al Khalidiyah, ,Wvy5IaPq-SMLhMD1s.png,WC7rnk8k-AmlZEVJN.png,2,2
Al-Najma,Al Riffa, ,YqKFu46k-A5i4NTz3.png,CQlfrr8k-lCxMaEY9.png,0,8
Ali CSC,Manama Club, ,z1AKIVRq-bqygZ7dH.png,8hGjkVjC-2Jlfd3kF.png,2,4
Bouri,Al-Hidd, ,8QO770ne-bqygZ7dH.png,hKETde5k-pWyQgjIm.png,1,0
Tadamun Buri,East Riffa, ,YNiRAZA6-SMLhMD1s.png,CSqEU4lC-lCxMaEY9.png,0,1
Umm Al Hassam,Al-Shabbab, ,zm5gvYU0-bqygZ7dH.png,6DyxPlRq-xfd2nhF6.png,0,3
Oostende,Waregem, ,UVDVehS0-2caLaKsq.png,6JNt5MlC-fc7DY1B9.png,3,2
Seraing,Francs Borains, ,t43kHM86-61fjW5A7.png,js6x6dSq-GpPHD4lg.png,1,5
Genk U23,Deinze, ,CrTJx7gT-pjCMKQUf.png,8SgNHH5k-EPEwybjP.png,3,2
Abeilles,FC Loto, ,Mimw4wS0-rHG3J6tE.png,rPQeAekC-drPztuz7.png,0,3
Bani Ganse,Dynamo Parakou, ,GvKoy9BN-G0BrANLc.png,t48HJPR0-4QHDKdds.png,1,1
Buffles du Borgou,Cavaliers, ,vJa7P7UH-QNEfHZk3.png,nVEPuW6k-dxd5iZGF.png,0,0
Dadje,Real Sport, ,Q5NRGSRq-dxd5iZGF.png,EVqBY1UH-W0g3UmAF.png,1,1
Damissa,Bembereke, ,ld8WZMjC-dxd5iZGF.png,U7Cj5HS0-zmwmkyOF.png,2,0
Dynamo Abomey,Hodio, ,p8VPC3T0-drPztuz7.png,xv8KOiBN-zTf9jgWL.png,1,0
Espoir,Tonnerre, ,O2Sp3k86-zTf9jgWL.png,rXgnzLAN-AJ6VTWYn.png,1,0
Pantheres,Takunnin, ,ruMi6PiT-ldh6X0GI.png,2uvI1ASq-WxBM3rSD.png,1,3
Eleven Angels,Nico United, ,tdIhydT0-Whqe5MBc.png,WhE90hVH-2BxvuElH.png,-,-
Morupule,Masitoaka, ,pC7khE86-4QHDKdds.png,WdDnfnBN-2XFN34wM.png,-,-
Botafogo PB,Potiguar de Mossor√≥, ,GIgM8ajT-0peneAym.png,QPGxXniC-6qNKRDCk.png,2,1
AE Altos,ASA, ,OxSDDxUH-2sqUKrWN.png,tY7I9uSq-E1EyOHIF.png,2,1
Cruzeiro U20,Madureira U20, ,zeXFBzXH-re7YM05n.png,MZOxs25k-CM3ZnPc0.png,1,0
Flamengo RJ U20,Nautico U20, ,8viG5v6k-COUy4N0T.png,U5mKhPQq-4QLxsLE0.png,1,0
Capital Distrito Federal U20,America MG U20, ,b7X7i2A6-Cdpb4toN.png,UswOBJkC-4QLxsLE0.png,0,2
Novorizontino U20,Tiradentes-PI U20, ,4GmijJR0-Kjg6GrcS.png,bDpH92gT-ILHdAUZ2.png,3,0
Atletico GO U20,Corinthians U20, ,tEKfF4hT-EsONvne7.png,zsznhmle-8Q62aX7N.png,1,4
Ituano U20,Criciuma U20, ,t2j1KBWH-WhmQ8a6A.png,fJfVPG86-tl8K2kEn.png,3,0
Coimbra U20,Gremio U20, ,UaZoHeme-KQ9JzUXc.png,dYQzw1Pq-hbGbDJfI.png,2,4
Athletico-PR U20,Ponte Preta U20, ,Am6rCEPq-OIECkXSi.png,Q1bk9d7k-EsONvne7.png,2,1
Prey Veng,Phnom Penh Crown, ,bHr9jJQq-2w113Fgb.png,zoYX1L76-CnwIgY1c.png,0,3
Boeung Ket,Dangkor, ,zoFgGnle-QTV00u0R.png,r1M9wPTH-M31xcW3b.png,4,1
Colombe,Aigle Royal, ,jgX4mjUH-CrTzmp8m.png,K208y1A6-4EDbGg59.png,-,-
Cotonsport,APEJES Academy, ,h2QPfk6k-IcoqV5ye.png,ziQpdiBN-veb0TNn6.png,-,-
Fauve Azur Elite,Avion Academy, ,2cgbqO7k-zX43sNzb.png,QZdcuelC-0vrp0PVT.png,-,-
Fortuna Mfou,Canon Yaounde, ,8bCSaWAN-lGILyKhD.png,zJpgpXjC-K0hhvgY6.png,-,-
Gazelle,Bamenda, ,OIhrBY9N-pzAHrTn5.png,QRACta8k-WbpYXCFI.png,-,-
Les Astres,Bamboutos FC, ,CjpRq1WH-OhsybBXB.png,0CjJBoT0-OUxxBLtn.png,-,-
Stade Renard,UMS de Loum, ,WMmsMvBN-CrTzmp8m.png,j5cGnrle-nP1nSKdT.png,-,-
Union Douala,Dynamo Douala, ,2RiYv2ne-QNEfHZk3.png,67Z22IWH-zX43sNzb.png,-,-
Yong Sports Academy,Fovu Baham, ,8zXxGb7k-4EDbGg59.png,KpqWic5k-8Sy5r3VC.png,-,-
San Carlos,Liberia, ,juvJFEQq-6XjLWQsI.png,CUGEr5BN-Asw8NYvF.png,3,2
Saprissa,Puntarenas FC, ,fHW8xJWH-tnwDCzLD.png,WtexReUH-z1YXka2H.png,3,0
Herediano,Zeledon, ,46TCGSBN-O2l6wJsK.png,nwwn5lSq-YB0DoGZt.png,1,0
Jong Holland,SUBT, ,pK9D17Pq-IceI7FZg.png,O0wHvagT-CYNfPTul.png,2,0
Willemstad,Victory Boys, ,63qAp896-YsPjQ9Qs.png,KpCQlXoe-CYNfPTul.png,0,1
Jong Colombia,Centro Dominguito, ,S6sYl9T0-MqV6zfF0.png,vs5ZvHjC-G6nUF13m.png,1,3
Paphos,Zakakiou, ,8ndjah6k-UH6ir0w2.png,z7WRhL5k-fevv2dQD.png,4,0
Apollon,Aris, ,b9OA1NmC-x4Xh4Pu0.png,692PjeDN-GxoBo0zo.png,0,1
Omonia 29th May,Ol. Nicosia, ,xCwIHVjT-SfRWUwLb.png,WhJNg4Sq-l2Xtf5Mh.png,1,2
Municipal Limeno,Santa Tecla, ,trYUXj86-6eZE5Nlm.png,UXPiFJ6k-UVZMFjiK.png,1,0
FAS,Metapan, ,8GOI43Qq-IJKf4CSg.png,OlGAi986-IJKf4CSg.png,1,1
Aguila,Fuerte San Francisco, ,E1sZq586-SnR4yA7q.png,z7qkbr96-ddMNjLqn.png,0,0
Platense Municipal,Jocoro, ,0SEjBOle-6Nc83xmK.png,GYSUtyRq-xpicnvrs.png,2,0
Luis Angel Firpo,Dragon, ,xAZaaaQq-xICJ1EZ7.png,xUDIyrle-jcp3KKtd.png,1,0
QPR,Watford, ,hdnBLqiC-z9YsXKZd.png,pYQ39lBN-QHkJrpz6.png,1,2
Bastiais W,Dijon W, ,nT1xgKPq-Yk7nkaIA.png,2Ruo15hT-KOIxVWQo.png,0,10
Toulouse W,St Etienne W, ,6FXSApA6-EgrECzdn.png,fwBKjn96-dGdlku5l.png,1,3
Brest W,Beauvais W, ,nDLpGU96-fg7CXJrI.png,8UG7v2me-Y1eENhtp.png,6,0
CPB Brequigny W,PSG W, ,CnTxVygT-0vI66hPM.png,d6rQbbU0-GQt64pVA.png,0,4
Fleury 91 W,Guingamp W, ,lWrdv05k-00axP92O.png,bkfR9LmC-n9qtmBjJ.png,2,0
Genas Azieu W,Marseille W, ,0KT9wQ76-82x2Mu8Q.png,rulBDOCN-4AJ4CsU2.png,0,3
Le Mans W,Lille W, ,zgpVmMR0-Ae0JwuzN.png,fgQVn9Rq-bT0Eg7Fk.png,2,3
Montauban W,Clermont W, ,CU5NbiRq-8KeYdZPc.png,EgOWFQ96-UuovkV4s.png,2,0
Nice W,Strasbourg W, ,O8ijxJU0-UVyZhsf0.png,pIEoPUS0-4A1nMesF.png,0,1
Orvault W,Le Havre W, ,ngmib4AN-6JsUtTYo.png,hx1l6cDN-W0g3UmAF.png,0,3
Paris FC W,Bordeaux W, ,z1TP1Lme-ppgFbvud.png,YDJV1jQq-AkoReUjd.png,3,0
Roubaix W,Reims W, ,bFTnHR86-rgbflCcU.png,ETfs2SWH-naUF7m9c.png,0,5
Saint-Maur W,Lens W, ,xtRwGRA6-xQtLpSbN.png,beHylHhT-rTEFAmVL.png,0,4
Stade Auxerrois W,Le Puy W, ,htwOPi8k-nTFzaHZL.png,C4Ql0mjC-WvOhHvVj.png,0,1
Lyon W,Montpellier W, ,nZMq2VjC-6F3rP4w9.png,WbmcmDlC-YDsfVBU1.png,4,0
Samger,Armed Forces, ,fZenN8le-UJLaZhBP.png,EZIPkBjC-MTEwiRTq.png,1,2
Wallidan,Greater Tomorrow, ,EcHkm3CN-MTEwiRTq.png,Sjwi5egT-naE6XnDa.png,1,3
Panetolikos,Aris, ,tITXQckC-n3f8T6c2.png,WCmA1PA6-0E6BYcd0.png,0,4
Kifisia,Olympiacos Piraeus, ,bmHORblC-vcgWQFBk.png,Ik1Usole-lzmp9FUJ.png,2,3
Asteras Tripolis,Volos, ,YXe9mTT0-SKrEYwI8.png,fTZ6y0BN-nsVKnzpo.png,1,0
AEK Athens FC,Panathinaikos, ,ph8YRKne-Aq4Rjd2q.png,jTnDg1CN-GM4Cu0wi.png,2,2
PAOK,Giannina, ,StctWES0-pvWT1yik.png,pOiI0fU0-Ct0X2apU.png,4,0
Ilioupoli,Tilikratis L., ,I5ZPvXiT-G8e3RIPQ.png,pveTOWA6-hxNHfEIm.png,1,0
Karditsa,Makedonikos, ,G4sc6sUH-ENPn0NrK.png,KQDwlQQq-4CdOVsMu.png,0,1
Panachaiki,Giouchtas, ,GdTgk0jC-MqaurgnI.png,rsPih9T0-65z19vFf.png,3,1
Mohun Bagan,Hyderabad, ,KpBzuWT0-6mJliLLj.png,2g1GUViT-6auKd00m.png,2,1
East Bengal,Sreenidi Deccan, ,fDRtO2S0-UszV04Qg.png,r98V3q8k-2s9DDn4a.png,2,1
Maccabi Bnei Raina,Maccabi Tel Aviv, ,vqIFkvB6-8r2VNn84.png,vifKdrkC-EgfVDm2G.png,2,2
Maccabi Haifa,Maccabi Petah Tikva, ,h4m4NhUH-Q5Dpg1h8.png,2Pusm9S0-U1xTVPXm.png,5,0
Cremonese,Cosenza, ,bwCjhwB6-t4GQxEM5.png,jHLbr0AN-j5ryYBSC.png,1,0
Parma,Ascoli, ,WI9nVggT-fydXzLY6.png,GtO8URA6-CEqXYiD6.png,1,1
Venezia,Sampdoria, ,4lQfQQmC-tGrll1pT.png,WQp3CvUH-8IE3vP6C.png,5,3
Alessandria,Virtus Verona, ,p0sMs0lC-boEYzhiI.png,dvL2jlVH-SQwnEDut.png,0,1
L.R. Vicenza,Giana Erminio, ,6Lt4CoSq-005OhYls.png,bXy6R096-MJw8SsU0.png,3,1
Legnago Salus,Padova, ,dl7QlRme-f5kxv71d.png,C0Gf1Pne-0lwy4Ij1.png,0,0
Mantova,Arzignano, ,GSnwGvWH-4vkZ9lY0.png,zNCymWmC-MiZyhUzt.png,1,1
Pergolettese,Lumezzane, ,MsPodHPq-IF6oPsUG.png,bZZj3WBN-x4BBSEWp.png,0,1
Entella,Pineto, ,vHB1Id96-boEYzhiI.png,EJIqOF76-Uq53M2ue.png,0,0
Recanatese,Juventus U23, ,Oj2ghC6k-0USqmdlF.png,IgZqxJ6k-EXzXDYgS.png,1,1
Olbia,Vis Pesaro, ,YDsCLrQq-ImfBTABB.png,nHSB3fCN-2y40txw3.png,0,1
Rimini,Torres, ,tIcDZERq-zBy2JPLp.png,S04EiG8k-ImfBTABB.png,3,1
Gubbio,Ancona, ,by51a8le-0lwy4Ij1.png,r1xUXURq-hEOjasbQ.png,0,0
Carrarese,Arezzo, ,lf1fmHoe-t4GQxEM5.png,Amu3S1ne-zBTDGGHj.png,2,3
Lucchese,Sestri Levante, ,zJqUfe7k-Ec4K0Vg8.png,IL45ktlC-nq6Wbo1Q.png,1,3
Spal,Cesena, ,zTKy8elC-t4GQxEM5.png,t6U8jIT0-YB20ndi2.png,0,0
Casertana,ACR Messina, ,AyrNNTVH-pGFvxw5a.png,QuIXvaS0-vce7Ujd5.png,0,2
Audace Cerignola,Sorrento, ,I7vyAriC-0zWZxX4i.png,EPleEMmC-lUNmiqki.png,1,2
Juventus U19,Inter U19, ,URJxprjT-GtNb9h2q.png,65tKYAR0-hMUxMBUq.png,1,0
Lazio U19,Cagliari U19, ,rw49CE96-zZPo3Vi8.png,zciBs0kC-SIDDuAGg.png,1,3
AC Milan U19,Torino U19, ,WI6sxliT-EZRVlC29.png,zgHYyEoe-OhRNUUhl.png,1,1
Atalanta U19,Fiorentina U19, ,GQcfzU76-tWOrl80O.png,trRtVF86-6XKdgOM6.png,1,2
Inter W,Sassuolo W, ,KOtr3xgT-QHDzsD69.png,nuQI4hA6-WzbDBCSD.png,0,1
Como W,Sampdoria W, ,YHgn4YlC-lImVzQRL.png,pG1y7D86-2e45HZLG.png,0,1
Bidco United,Police FC, ,lKdte37k-traGRhJJ.png,OnQBab7k-MkvgNLFC.png,0,1
Muhoroni Youth,Leopards, ,82jl9BiT-xlciObbf.png,EV4ZHkT0-d8rCnrpj.png,0,1
Muranga,Talanta FC, ,zNVRZtme-6cdohWtf.png,dY3A23AN-SQ511bXP.png,0,1
Nairobi City,Posta Rangers, ,Yo5wdMR0-GQf5CmvK.png,tO1vDV5k-bBiFBAKT.png,1,0
Nzoia Sugar,Shabana, ,buqU6EjC-pdVAPlSb.png,hKPYTXWH-4SjJCeGb.png,2,5
Tusker,Sofapaka, ,l0Uen786-0ASINSdB.png,EccFaXS0-jeFanMPj.png,3,1
Ulinzi Stars,KCB, ,tE6CwhWH-d8rCnrpj.png,EBrybmkC-lptmHgZf.png,0,0
Defence Force,Machokha, ,zPosDome-U3Hcth5Q.png,ljXTHTT0-GEh10UgP.png,2,2
CCX,Lifofane, ,61UmeDQq-r5tmsiVJ.png,zJyea8iT-htT4afEI.png,0,1
LCS,ACE Maseru, ,QPOBozU0-WC3PyCDs.png,xbMGRQT0-xUGxHQGM.png,2,0
Likila,Manonyane, ,K4sdMKT0-QkBUyRma.png,UiFhE7kC-r5tmsiVJ.png,0,0
Linare,LMPS, ,ABiteqiT-U3Hcth5Q.png,WjwAZtlC-U3Hcth5Q.png,0,2
Lioli,Lijabatho, ,EFPuaM8k-ANCmy1WE.png,MR9NE296-htT4afEI.png,1,2
Liphakoe,Bantu, ,WrXCwgT0-GWX1nXzN.png,UF6xxkS0-U3Hcth5Q.png,1,3
Matlama,Naughty Boys, ,zXHEAw96-U3Hcth5Q.png,0C3mLK7k-IBIsgNDC.png,6,0
AS Police,USFAS Bamako, ,MBgoXK96-OlLeDkzH.png,f3L1rlA6-QcZKFp8a.png,0,0
Bakaridjan,Koro, ,KdoaoKmC-raL6XQE3.png,MgCwlDle-0hq7YBe3.png,3,0
Black Stars,Bougouba, ,4hvJwWVH-zPhhIbBM.png,b90if086-zR5jQfj5.png,1,3
Foot Elite,Binga, ,4Uu6VgBN-AaheDBA2.png,8lwN0I76-08PondyB.png,1,0
Korofina,Onze Createurs, ,WQIt42WH-zmTDCRPG.png,fyizbrSq-4lYOE4N5.png,1,1
Real Bamako,Stade Malien, ,v7YmtvA6-zPhhIbBM.png,8AI1tbgT-ddY7RGdg.png,0,1
US Bougouni,USC Kita, ,pn8hldAN-Ai2ysddt.png,WGSz0Z9N-vgLkMC1k.png,0,0
Balzan,Zurrieq, ,8Gs8m5A6-8SwKCrBK.png,GrQpLXoe-UFXKVMR9.png,2,1
Nadur,Sirens, ,AB5HxGle-hbK7bybG.png,6ihoJniT-vXHIUObM.png,1,2
Hibernians,Qala Saints, ,KAYoXgme-WrjrBuU2.png,lW7JjoSq-zo0dNtid.png,2,0
Luqa,Swieqi, ,EsDx5K5k-zVZ6Di06.png,jqbY8HjC-df1hOMyj.png,1,2
Xewkija,Gudja, ,Qq1PYrWH-zo0dNtid.png,E9NMySjT-fN02vDNP.png,0,3
Valletta,Ghajnsielem, ,8OjGl56k-WrjrBuU2.png,4dBO0eT0-8nQv3C5f.png,7,1
Sliema,Marsaskala, ,GGRaGXR0-YFbDUeTh.png,vDt8QM86-O0mnUy35.png,3,0
Cruz Azul,Pachuca, ,UNKNumiC-nqhLBCKD.png,UcvERb5k-zFZbB1JF.png,0,1
Guadalajara Chivas,Santos Laguna, ,4fFLAKlC-vccK8alq.png,6ycTP2BN-A7ORm2QC.png,1,1
Club Tijuana,Club America, ,viMegK5k-zVgW5cY1.png,f3CzIwSq-2wVZ6cph.png,0,2
Monterrey,Puebla, ,rojPBGA6-4thMUPbO.png,dlj3qbQq-W6vdbCVa.png,2,0
U.N.A.M.- Pumas,Juarez, ,A9NpRSR0-rL2rkgzd.png,WdtRY4iT-dM3pORxM.png,1,0
Atlante,Celaya, ,l0XsMdDN-dAJb3Ws0.png,IuRhX5hT-2JnogWvq.png,2,1
Pachuca W,Monterrey W, ,8YnG2eQq-K2yCsQaB.png,tAF8xylC-YFlufF9q.png,2,2
ASFAN,Sahel, ,YBNMO4S0-beg0eGMp.png,nw4u4QPq-xnh4fzxi.png,1,1
ASGNN,Olympic Niamey, ,pbebi5R0-dKU9Hd2p.png,OrRDlW76-xnh4fzxi.png,2,1
Tagour Provincial Club,Nigelec, ,jwp9kp96-4Stc9pEL.png,vZqaeYBN-tlAL8rN3.png,1,2
Tahoua,Liberte, ,CCfaw0kC-MTUqIOyf.png,OEd6cXiT-z3sVpPkt.png,2,1
Gil Vicente,Estrela, ,hQCcG5AN-MsGVFYVb.png,MDdmzPjC-OtN6V8lD.png,1,1
Benfica,Rio Ave, ,ttVtr6hT-GEKimEim.png,06rYX486-pjxqSmk4.png,4,1
Vizela,Boavista, ,QLNN7HA6-AoD8MJLa.png,Ym0dadjC-jaVfhwwq.png,1,4
FC Porto,Braga, ,A5i3omUH-Kth3Rz1C.png,j3CGCQTH-6JDIcK05.png,2,0
Vilaverdense,Feirense, ,z1UamGT0-hOcbDVeP.png,UZomK1VH-8GL0cHSF.png,2,1
Tondela,AVS, ,foAPIsgT-lYZp7YM7.png,nV4DFA7k-4dtamp8O.png,3,2
FC Porto B,Benfica B, ,Eq4Fywme-Asys8E71.png,2L6o3l6k-zRHKFfX7.png,0,3
Maritimo,Academico Viseu, ,dfD2U196-MyFeHWzn.png,hEMeTfme-SOY3p1Si.png,1,1
Leiria,Santa Clara, ,jPsWKa7k-z7FTG4ed.png,2kJEjthT-GnCsDWFH.png,0,1
Caldas,Sporting CP B, ,UD9X4KQq-2DukPfa4.png,KhqKCZ7k-lYZp7YM7.png,1,0
Nathalys,Juk, ,K2EEzoS0-GItRXbpg.png,IBUhvFWH-bDjGtmPr.png,0,0
Diables Noirs,Otoho d'Oyo, ,Y5NPjWA6-h0mfkpmo.png,fsltLjAN-GItRXbpg.png,1,1
Cheminots,CARA Brazzaville, ,0bwHt296-AqxDH6wm.png,YFrQd5CN-l23EoQzB.png,0,0
Muhazi United,Kiyovu, ,dOzlZKmC-EormkF9q.png,4MJwktne-2cBw5mEH.png,1,1
Sunrise,Police, ,MHig5V5k-WCHAXU8Q.png,dbWjoKA6-WnYHA9YO.png,2,1
APR,Marines, ,As4aJqme-tr1EvBpR.png,8War8zBN-MmmRRgE1.png,-,-
Tre Fiori,Domagnano, ,SKV6X3Pq-4nHGwTWE.png,AFXvz0Qq-lMD1XBvn.png,2,2
Virtus,Tre Penne, ,CG44VHUH-KEDg48Us.png,rD9j1yQq-tMgHdBpr.png,1,2
Spartans W,Glasgow City W, ,MoQorple-06IlARSi.png,x0pD4J7k-4Q7rh2CG.png,1,5
Celtic W,Montrose W, ,xWvmYb7k-j5A92kmE.png,xpZc2Tme-xCRO1YnD.png,9,0
Hamilton W,Hibernian W, ,S6FZ6uAN-bBFWwcmk.png,SKpOKlT0-OIbxe53j.png,0,4
Motherwell W,Hearts W, ,zq63wdiT-lGG6JDDB.png,fBfqQtDN-06IlARSi.png,0,3
Rangers W,Dundee Utd W, ,QwPGdDlC-niKdeomn.png,lO0nYjU0-KvcSZexU.png,10,0
Partick Thistle W,Aberdeen W, ,AaAHtLjT-QVpdW4rT.png,d88dIABN-0SimXqqt.png,2,0
Casa,Jamono Fatick, ,Ojwa2ZRq-xWywdZMO.png,6FF5PPTH-4jPQKQLD.png,1,0
Sonacos,Linguere, ,KUPJiC76-tU5TArZh.png,ARipPGT0-OCwKo6gJ.png,1,1
US Goree,Guediawaye, ,burFoEUH-vgo8E1Ql.png,d6n1qujT-xGJbQ9Is.png,0,0
Bhantal,Ports Authority, ,Gn4iuVoe-p2U9ZHB3.png,tU4Rk4ne-pMvGnnvD.png,1,2
Bo Rangers,East End Lions, ,Es0k6596-6PrTKYmt.png,Ia85zj6k-EVwfgUro.png,-,-
Kahunla,Luawa, ,r9pwC2U0-2coUBJjp.png,riZouzle-hWgyS3V7.png,3,0
Old Edwardians,Kallon, ,2RPPX1jT-fTulyhCs.png,SfP3zjWH-IciwOSVc.png,0,0
Andorra,Leganes, ,SMiBGH8k-p6WBruc4.png,C4WkaSlC-Q3zX1dyT.png,2,3
FC Cartagena SAD,Villarreal B, ,nRnUDVWH-ht99hStl.png,hMm8rJ86-Kbq9kfg1.png,4,1
Gijon,Huesca, ,ziVpaDjC-bBonCJxo.png,pMpCvJkC-EkA5g8Rs.png,0,0
Fuenlabrada,R. Union, ,tbiVSrQq-hzUim4XJ.png,2Lk8SC5k-4U3vjZKk.png,0,0
Celta Vigo B,Gimnastic, ,OYnX3M6k-bBonCJxo.png,hxLXueRq-EPtl0Y0m.png,0,1
SD Logrones,Ponferradina, ,Gn5X4yle-W60kdnp9.png,UFopwyne-0hoCA9Zq.png,0,3
Cornella,Sabadell, ,ULAxVaAN-2ROn1aRj.png,vo9MFPBN-lQiEtZia.png,0,1
Cultural Leonesa,Dep. La Coruna, ,nqcf2egT-vcT321w1.png,t4lB3X76-G2YIZIXN.png,1,0
R. Sociedad B,Osasuna B, ,MwK5O35k-U144u08h.png,hYc8mhU0-0xDmeYSJ.png,2,2
Baleares,Recreativo Huelva, ,zBstsgjC-2ROn1aRj.png,Q1i5tzlC-EkA5g8Rs.png,0,2
Ceuta,Malaga, ,r1QAXB7k-xpqBFn5c.png,4jmiYe8k-I5Xd92rn.png,3,2
Melilla,Murcia, ,U7Vk2lhT-zLx3xGjj.png,zctjQ096-SARwoBEf.png,0,0
Alcoyano,Antequera, ,WnhsJnS0-no5LkQQ6.png,MRtWqbS0-2VG0Gq4h.png,2,1
Merida AD,Granada CF B, ,6Z63QdUH-K8pKVX94.png,2msEUjiT-0KRH1UJH.png,1,0
Atl. Madrid B,Linares, ,fRDwXEUH-KAuUVZn2.png,4YryrEme-tUqzYDq7.png,5,0
Real Madrid,Barcelona, ,CGPhnpne-fcDVLdrL.png,jZ8dSYS0-fcDVLdrL.png,4,1
Huelva W,Real Sociedad W, ,ve59WS7k-KAoXVbyc.png,02fup686-U144u08h.png,1,4
Las Planas W,Sevilla FC W, ,WGNnvOA6-dryZbv1q.png,fFJ1fySq-lbB1miCD.png,0,4
Real Oviedo W,Costa Adeje Tenerife W, ,2VxfGpgT-hlyIA9iB.png,jmuwl2hT-IgTBZUva.png,1,2
Athletic Bilbao W,Madrid C. W, ,jPkIaLCN-WGDgkDs1.png,nwweAQBN-EeP4JJx5.png,1,0
Binah,Kakadl, ,0rxjjRUH-dhIF562o.png,rqBpXW5k-dhIF562o.png,0,2
Binah,Semassi, ,0rxjjRUH-dhIF562o.png,SvUJXTjC-p8ufpTR3.png,-,-
Doumbe,ASC Kara, ,QJdjvDT0-Gty7C7xj.png,29i8MahT-pC92HWTo.png,-,-
Dynamic Togolais,Kakadl, ,6o39FylC-OnWab9yA.png,rqBpXW5k-dhIF562o.png,-,-
Dynamic Togolais,Semassi, ,6o39FylC-OnWab9yA.png,SvUJXTjC-p8ufpTR3.png,0,1
Entente II,Tambo, ,lpE3lAWH-bLUXtNPp.png,fXJbCyUH-MDGNnyCJ.png,-,-
Espoir,Gbikinti Bassar, ,UJZ9BXUH-nHkIJjVl.png,xxXEOLVH-tMZBuYi8.png,2,0
Espoir,Gbohloe-Su, ,UJZ9BXUH-nHkIJjVl.png,A1o2DjjT-jkC9TRbD.png,-,-
Gomido,Barracuda, ,YT4nyviT-2wV3cTjG.png,nq6KtL7k-8WX3jCdR.png,-,-
Gomido,Kara, ,YT4nyviT-2wV3cTjG.png,dGBtgtme-2wV3cTjG.png,0,1
OTR,ASC Kara, ,W2o5UkWH-pnYI4s4g.png,29i8MahT-pC92HWTo.png,1,2
OTR,Kara, ,W2o5UkWH-pnYI4s4g.png,dGBtgtme-2wV3cTjG.png,-,-
Unisport,Gbikinti Bassar, ,EgC5otVH-l00g5zMg.png,xxXEOLVH-tMZBuYi8.png,-,-
Unisport,Tambo, ,EgC5otVH-l00g5zMg.png,fXJbCyUH-MDGNnyCJ.png,-,-
Prison Service,Morvant Caledonia Utd, ,UFg0P75k-YD7fCsYp.png,21Y1EpBN-zFs1klv8.png,2,1
Istanbulspor AS,Konyaspor, ,jwWv2VA6-0GXEkkAD.png,Cp0bcARq-j1Y9DEbN.png,0,0
Antalyaspor,Trabzonspor, ,S6yZui5k-ptkIYGIF.png,2sVavKoe-MobtE80i.png,1,1
Samsunspor,Sivasspor, ,65PgANkC-StKLPBm2.png,jiLzjC6k-0vUmEzqC.png,2,0
Gaziantep,Fenerbahce, ,UH4szVne-nwcq2Drl.png,drRgiLlC-dENdyFfa.png,0,1
Manisa FK,Kocaelispor, ,rD05b4AN-GC3BM98o.png,MmgQ3IA6-pfQVcl7E.png,2,1
Corum,Tuzlaspor, ,ShtFJk96-nsVkkOor.png,06TvfK5k-GxHegpzI.png,2,1
Umraniyespor,Genclerbirligi, ,jFLFaPVH-f5ezBc45.png,MyPx2g86-G6WxyD8F.png,1,1
1207 Antalyaspor W,Amed SK W, ,reTvol7k-I9TDla93.png,I3YNTCT0-OKBUsmkd.png,2,0
Hakkarigucu Spor W,Adana Idmanyurduspor W, ,CG8N6NUH-d0SHmJO9.png,86SImT5k-d0SHmJO9.png,4,0
Karadeniz Eregli W,Trabzonspor W, ,MVJArtT0-vJU9kufc.png,rov2FG6k-dllPU6aj.png,1,0
Fatih Vatan Spor W,Beylerbeyi W, ,z7ap4rWH-I9TDla93.png,YZWuZ6Rq-AwXw4jfF.png,0,4
Gaziantep W,Fenerbahce W, ,Wh9rH4VH-SOOQSaEo.png,jgOmfnAN-WvpYzLN6.png,1,4
ALG Spor W,Besiktas W, ,YZ6wjYUH-Eg0oeKGL.png,n5hWFL76-tprtUH6d.png,2,1
Fomget GSK W,Atasehir W, ,ObxsMpSq-I9TDla93.png,CnjCnHBN-E1tVKwU8.png,5,0
Karagumruk W,Galatasaray W, ,drei6ujC-82rxzuwD.png,QqnYWH96-Ayf8HTfc.png,0,0
Pontypridd W,Aberystwyth W, ,WhklchjC-OKR7MREf.png,Ii2vNJVH-ja5UzupC.png,1,1
Swansea W,Cardiff Met. W, ,UDY3E1jC-YuxztoYG.png,W4N1vJkC-zyXVh7bj.png,3,0
Wrexham W,Barry W, ,hjEcBZlC-xzEb4a95.png,63DHCn8k-YH7Mx1Fa.png,1,0
TNS W,Cardiff City W, ,MVut97oe-bVDEXKLr.png,CYiaQxgT-tGfOwyED.png,0,6
Uruguay U23,Paraguay U23, ,2cQbUllC-jwUn6tkn.png,Kr82yGPq-dr1Rx2yJ.png,4,1
Guatemala,Iceland, ,zckCdOWH-MPdGWDGc.png,vDLgH0gT-vokh4vbj.png,0,1
Saudi Arabia U23,Qatar U23, ,xbko09S0-ddddz9FK.png,8zBWXyWH-xdsSUnwr.png,0,0
Dep. Tachira (Ven),Bucaramanga (Col), ,GIcuo5UH-OxmaT1W4.png,pEjyC27k-CMZ5a0zC.png,0,1
Gimnasia y Tiro (Arg),Boca Juniors (Arg), ,YH2p9uBN-Shd63JnL.png,GQF9p3A6-tnwDCzLD.png,0,1
Real Espana (Hon),Coban Imperial (Gtm), ,AkaXuWjT-pCk2vaSD.png,Uq6ENLUH-v1e8VYOd.png,3,1
LASK (Aut),FCSB (Rou), ,hpJBhRlC-WvAkDUTd.png,tSilVMne-SCh1iPaa.png,1,3
Dukla Prague B (Cze),Kolin (Cze), ,EiFIIM76-pxcwXqbH.png,nRlFCK8k-WKyLv0gJ.png,2,3
Karvina U19 (Cze),Ruzomberok U19 (Svk), ,8bzblalC-SfPuzPXG.png, ,2,2
Paderborn (Ger),Preussen Munster (Ger), ,6ufhxjSq-Qmnf8wEL.png,CrTJM3Sq-l0tw4N82.png,6,1
Varazdin (Cro),Radnicki Beograd (Srb), ,pAIm8cne-SpOadZIA.png,2DqeAYVH-QgZeRDaH.png,2,2
U Craiova 1948 (Rou),Poli Iasi (Rou), ,lnIG6oCN-AB4EluEP.png,lOyO2b5k-MewIvT6n.png,2,4
Berlin Hilalspor (Ger),TB Berlin (Ger), ,Au8yRZUH-d8pJPP4c.png,vNwj3n6k-4pvrieMi.png,3,1
Hansa Rostock (Ger),Lubeck (Ger), ,hznew7Qq-McvX4bye.png,00NnUw96-r5trb9zO.png,1,1
Harksheide (Ger),Eimsbutteler (Ger), ,WSgpvWPq-bBVugJxh.png,ljahS45k-vos6XnL6.png,-,-
Luckenwalde (Ger),Greifswald (Ger), ,xtEa1h8k-QsBZvyRg.png,dY8GUKPq-EVkyqJ8E.png,1,2
Prizreni (Kos),Liria (Kos), ,nNpEEnS0-0zlaJwBG.png,xtsu0MjT-pbSUCRoq.png,1,0
Sandhausen (Ger),Erfurt (Ger), ,UoCAVqlC-WxLb2GDg.png,zeDD7Qne-ncNaLxYl.png,2,0
JIPPO (Fin),Vaajakoski (Fin), ,ve86t8gT-ImdO7J3k.png,d6NKnxVH-6PYuWvxH.png,7,2
Staaken (Ger),Berliner AK 07 (Ger), ,zqatiRS0-zaVoHtPl.png,rDhTA5oe-4vL7JG21.png,-,-
Delbrucker (Ger),Wiedenbruck (Ger), ,QZUlIwSq-xt7raHqE.png,QTkB1egT-t2JBIzI7.png,-,-
Dusseldorf II (Ger),Uerdingen (Ger), ,zRJtV5R0-4GnujK2a.png,ADD0HlCN-W6bUbbPE.png,2,0
Eintracht Frankfurt (Ger),Sandhausen (Ger), ,2aegVtQq-86lnAaq9.png,UoCAVqlC-WxLb2GDg.png,-,-
KF Llapi (Kos),Nasaf Qarshi (Uzb), ,Gf7WbBhT-0nUxLTUs.png,fLkfY76k-MwERIUFm.png,1,2
Legia (Pol),Olimpia Elblag (Pol), ,v38kDURq-rgYuXGKm.png,6kYDBjXH-QPVxgHgK.png,6,0
Rotenburger (Ger),Drochtersen/Assel (Ger), ,GvTWcFjT-I76ajEUh.png,fPdBOvle-ERBZEgCO.png,1,5
SG Dynamo Dresden (Ger),FK Pardubice (Cze), ,MZhxRG76-YP5eX03i.png,b7y5m96k-zTKvvVaA.png,3,0
Sparta Lichtenberg (Ger),Altglienicke (Ger), ,8nEuq0S0-dWjIhFMs.png,YwWlFQ76-EVkyqJ8E.png,2,4
Vreden (Ger),Ahlen (Ger), ,I53pfG7k-E377TFBo.png,ALTLSUWH-WdVRHDCa.png,-,-
Estudiantes Merida (Ven),Portuguesa (Ven), ,A7CKGOjT-Kt2RJAvf.png,KQzOCume-EHlXhTq7.png,3,2
Gorica (Cro),Istra 1961 (Cro), ,KEUjOG8k-fu4DkIs2.png,Gr7WcgSq-S0dWTsz4.png,0,2
Sprockhovel (Ger),Mulheimer FC 97 (Ger), ,I3oLTRQq-jVqmYGCn.png,vPD1yYjT-Awm1SBP4.png,4,0
Babelsberg (Ger),Viktoria Berlin (Ger), ,lrTlULmC-86OeMIIr.png,nuyVS3Rq-x8iXqag8.png,0,0
Dortmund II (Ger),Fortuna Koln (Ger), ,UoXC1PWH-zcb1Gz6r.png,dAR8o26k-4vL7JG21.png,0,0
Finn Harps (Irl),Derry City (Nir), ,8jtkrxne-IiGT6zfM.png,hGznfOlC-fJCgF1vl.png,2,2
Hansa Rostock II (Ger),Neustrelitz (Ger), ,h21e2G8k-hMlurwOK.png,4r9LzE8k-Y3joQzw0.png,2,2
Sabah Baku (Aze),Vorskla Poltava (Ukr), ,Ac7zDx96-lOnhRAPD.png,Io75AMme-rgYuXGKm.png,0,3
SV Spexard (Ger),Beckum (Ger), ,vBtFbciT-SvPLj4M8.png,AcXbZABN-CjDkmZLe.png,0,1
Univ. Craiova (Rou),Slovacko (Cze), ,nyNLzxUH-CKjtpaMt.png,0zzzX9Sq-OxJDt8W9.png,1,1
Hesperange (Lux),Virton (Bel), ,xUHW54oe-Y72Z4YSk.png,8jb5xd86-ILReCEDO.png,3,2
SG Wattenscheid (Ger),Kleve (Ger), ,Aop7P2le-E7oqZdct.png,xAhkKE96-vRjblA6b.png,1,1
Raufoss (Nor),Kolbu (Nor), ,A9TgaUT0-CnVD4YXr.png,zPMbmdme-fixjyXg8.png,7,2
Basel (Sui),Greuther Furth (Ger), ,hvqyV1hT-fPZDBkJI.png,zmJdMLle-KfqGWN71.png,2,2
Zamora (Ven),Hermanos Colmenarez (Ven), ,8bOaWJ76-04q9CXTr.png,roxsXwjT-dxGD9UPp.png,0,0
Sporting Cristal (Per),U. Catolica (Chi), ,xMxIWf86-6PG8meHs.png,WUZXi2le-dAJb3Ws0.png,4,0
Bayer Leverkusen W (Ger),Den Haag W (Ned), ,lOXJ91kC-Q5uWoBwg.png,fmqMQQPq-nqGrCk74.png,-,-
Kansanshi,NAPSA Stars, ,2VIPkaU0-htT4afEI.png,fg3ZPiWH-pQGgmiKD.png,1,0
Zanaco,Trident, ,ve1nHFiT-hYvertH0.png,AkZoPYkC-CG0twT0B.png,2,1
